Name,ID,JobTitle
Name 1,ID1,data analyst 1.
Name 2,ID2,data analyst 2
Name 3,ID3,data analyst III research
Name 4,ID4,Data analyst I
Name 5,ID5,data analyst III research
Name 6,ID6,data analyst II
Name 7,ID7,DATA ANALYST I
Name 8,ID8,data analyst III research
Name 9,ID9,Data Analyst 1.
Name 10,ID10,data analyst 2
Name 11,ID11,data analyst II
Name 12,ID12,Data analyst I
Name 13,ID13,Data Analyst 1.
Name 14,ID14,data analyst II
Name 15,ID15,DATA ANALYST I
Name 16,ID16,Data analyst I
Name 17,ID17,Data Analyst 1.
Name 18,ID18,data analyst 2
Name 19,ID19,Data analyst I
Name 20,ID20,Data Analyst 1.
Name 21,ID21,Data analyst 1
Name 22,ID22,Data Analyst 1.
Name 23,ID23,Data analyst 1
Name 24,ID24,Data analyst 1
Name 25,ID25,data analyst 2
Name 26,ID26,data analyst III research
Name 27,ID27,Data analyst I
Name 28,ID28,Data Analyst 1.
Name 29,ID29,Data Analyst 1.
Name 30,ID30,data analyst
Name 31,ID31,Data Analyst 1.
Name 32,ID32,data analyst III research
Name 33,ID33,Data analyst 1
Name 34,ID34,data analyst 1.
Name 35,ID35,data analyst 2
Name 36,ID36,data analyst II
Name 37,ID37,data analyst
Name 38,ID38,Data analyst I
Name 39,ID39,Data analyst 1
Name 40,ID40,data analyst 2
Name 41,ID41,data analyst 1.
Name 42,ID42,DATA ANALYST I
Name 43,ID43,data analyst 2
Name 44,ID44,data analyst II
Name 45,ID45,DATA ANALYST I
Name 46,ID46,data analyst II
Name 47,ID47,Data analyst 1
Name 48,ID48,data analyst 2
Name 49,ID49,data analyst 1.
Name 50,ID50,data analyst
Name 51,ID51,DATA ANALYST I
Name 52,ID52,Data analyst I
Name 53,ID53,Data analyst 1
Name 54,ID54,Data analyst I
Name 55,ID55,data analyst 2
Name 56,ID56,data analyst 1.
Name 57,ID57,data analyst III research
Name 58,ID58,data analyst 1.
Name 59,ID59,Data analyst I
Name 60,ID60,data analyst 2
Name 61,ID61,Data analyst 1
Name 62,ID62,data analyst 1.
Name 63,ID63,Data analyst 1
Name 64,ID64,DATA ANALYST I
Name 65,ID65,data analyst II
Name 66,ID66,Data analyst 1
Name 67,ID67,Data Analyst 1.
Name 68,ID68,data analyst II
Name 69,ID69,data analyst
Name 70,ID70,DATA ANALYST I
Name 71,ID71,data analyst 1.
Name 72,ID72,Data analyst I
Name 73,ID73,DATA ANALYST I
Name 74,ID74,data analyst 1.
Name 75,ID75,data analyst 1.
Name 76,ID76,data analyst II
Name 77,ID77,Data analyst 1
Name 78,ID78,Data analyst 1
Name 79,ID79,data analyst
Name 80,ID80,data analyst 1.
Name 81,ID81,data analyst 1.
Name 82,ID82,Data analyst 1
Name 83,ID83,data analyst
Name 84,ID84,data analyst 1.
Name 85,ID85,data analyst 1.
Name 86,ID86,data analyst
Name 87,ID87,Data Analyst 1.
Name 88,ID88,data analyst II
Name 89,ID89,Data Analyst 1.
Name 90,ID90,data analyst 1.
Name 91,ID91,Data analyst 1
Name 92,ID92,Data Analyst 1.
Name 93,ID93,DATA ANALYST I
Name 94,ID94,data analyst II
Name 95,ID95,data analyst
Name 96,ID96,data analyst II
Name 97,ID97,data analyst 1.
Name 98,ID98,data analyst III research
Name 99,ID99,data analyst II
Name 100,ID100,data analyst
